username,pod_name,type,members,created_at,end_date
97 103 111 110 122 97 108 101 122 100 108 102,82 111 111 109 105 101,111 110 103 111 105 110 103,97 103 111 110 122 97 108 101 122 100 108 102 44 32 118 105 107 105 105 105,50 48 50 53 45 49 49 45 50 53 32 49 50 58 48 53,
97 109 97 116,84 114 105 112,111 110 103 111 105 110 103,97 109 97 116 44 32 118 105 107 105 105 105,50 48 50 53 45 49 49 45 50 56 32 49 50 58 49 48,
104 101 108 101 110 110 110,116 114 105 112,111 110 103 111 105 110 103,118 105 99 116 111 114 105 97 44 32 104 101 108 101 110,50 48 50 53 45 49 49 45 49 55 32 49 49 58 50 53,
106 111 104 110 32 100 111 101,84 114 105 112 32 116 111 32 74 97 112 97 110,111 110 103 111 105 110 103,118 105 107 105 105 105 44 32 106 111 104 110 32 100 111 101,50 48 50 53 45 49 49 45 50 53 32 49 56 58 52 52,50 48 50 54 45 49 50 45 49 50
109 97 114 105 97,82 101 110 116,111 110 103 111 105 110 103,118 105 107 105 105 105 44 32 109 97 114 105 97,50 48 50 53 45 49 49 45 50 56 32 49 53 58 50 52,
109 97 114 116 105 110 97,104 111 117 115 101,111 110 103 111 105 110 103,109 97 114 116 105 110 97 44 32 118 105 107 105 105 105,50 48 50 53 45 49 49 45 50 56 32 49 53 58 49 55,
118 105 107 105 105 105,114 101 115 116 97 117 114 97 110 116,111 110 103 111 105 110 103,118 105 99 116 111 114 105 97 44 32 104 101 108 101 110 44 32 115 111 102 105 97,50 48 50 53 45 49 49 45 49 55 32 49 48 58 52 52,
118 105 107 105 105 105,106 97 112 97 110,111 110 103 111 105 110 103,118 105 107 105 105 105 44 32 104 101 108 101 110 110 110,50 48 50 53 45 49 49 45 49 55 32 49 49 58 52 49,
118 105 107 105 105 105,114 101 115 116 97 117 114 97 110 116,111 110 103 111 105 110 103,104 101 108 101 110 110 110 44 32 118 105 107 105 105 105,50 48 50 53 45 49 49 45 49 55 32 49 49 58 53 54,50 48 50 53 45 49 50 45 49 51
118 105 107 105 105 105,119,111 110 103 111 105 110 103,104 101 108 101 110 110 110 44 32 118 105 107 105 105 105,50 48 50 53 45 49 49 45 49 55 32 49 49 58 53 56,50 48 50 54 45 49 50 45 49 51
118 105 107 105 105 105,116 101 115 116,111 110 103 111 105 110 103,104 101 108 101 110 110 110 44 32 118 105 107 105 105 105,50 48 50 53 45 49 49 45 49 55 32 49 50 58 48 49,50 48 50 52 45 48 49 45 48 49
118 105 107 105 105 105,116 101 115 116 50,116 101 109 112 111 114 97 114 121,104 101 108 101 110 110 110 44 32 118 105 107 105 105 105,50 48 50 53 45 49 49 45 49 55 32 49 50 58 48 49,50 48 50 52 45 48 49 45 48 49
118 105 107 105 105 105,115 99 104 111 111 108,111 110 103 111 105 110 103,118 105 107 105 105 105,50 48 50 53 45 49 49 45 50 53 32 49 51 58 50 55,
118 105 107 105 105 105,115 99 104 111 111 108,111 110 103 111 105 110 103,104 101 108 101 110 110 110 44 32 118 105 107 105 105 105,50 48 50 53 45 49 49 45 50 53 32 49 51 58 50 55,
118 105 107 105 105 105,102,111 110 103 111 105 110 103,104 101 108 101 110 110 110 44 32 118 105 107 105 105 105,50 48 50 53 45 49 49 45 50 53 32 49 51 58 51 57,
121 116 97 112 105 97,80 111 112 99 111 114 110 32 77 111 110 101 121,111 110 103 111 105 110 103,121 116 97 112 105 97 44 32 118 105 107 105 105 105,50 48 50 53 45 49 49 45 50 56 32 49 53 58 51 52,
