username,pod_name,pod_type,members,date,amount,category,note,split,approvals
97 103 111 110 122 97 108 101 122 100 108 102,82 111 111 109 105 101,111 110 103 111 105 110 103,97 103 111 110 122 97 108 101 122 100 108 102 44 32 118 105 107 105 105 105,50 48 50 53 45 49 49 45 50 53 32 49 50 58 48 54,50 48 46 48,70 111 111 100,,123 34 97 103 111 110 122 97 108 101 122 100 108 102 34 58 32 52 46 48 44 32 34 118 105 107 105 105 105 34 58 32 49 54 46 48 125,123 34 97 103 111 110 122 97 108 101 122 100 108 102 34 58 32 34 112 101 110 100 105 110 103 34 44 32 34 118 105 107 105 105 105 34 58 32 34 112 101 110 100 105 110 103 34 125
97 109 97 116,84 114 105 112,111 110 103 111 105 110 103,97 109 97 116 44 32 118 105 107 105 105 105,50 48 50 53 45 49 49 45 50 56 32 49 50 58 49 48,52 53 48 48 46 48,84 114 105 112,104 111 116 101 108,123 34 97 109 97 116 34 58 32 50 50 53 48 46 48 44 32 34 118 105 107 105 105 105 34 58 32 50 50 53 48 46 48 125,123 34 97 109 97 116 34 58 32 34 112 101 110 100 105 110 103 34 44 32 34 118 105 107 105 105 105 34 58 32 34 112 101 110 100 105 110 103 34 125
104 101 108 101 110 110 110,116 114 105 112,111 110 103 111 105 110 103,118 105 99 116 111 114 105 97 44 32 104 101 108 101 110,50 48 50 53 45 49 49 45 49 55 32 49 49 58 50 53,49 48 48 48 46 48,116 114 105 112,97 105 114 112 108 97 110 101,123 34 118 105 99 116 111 114 105 97 34 58 32 52 53 48 46 48 44 32 34 104 101 108 101 110 34 58 32 53 53 48 46 48 125,123 34 118 105 99 116 111 114 105 97 34 58 32 34 112 101 110 100 105 110 103 34 44 32 34 104 101 108 101 110 34 58 32 34 112 101 110 100 105 110 103 34 125
106 111 104 110 32 100 111 101,84 114 105 112 32 116 111 32 74 97 112 97 110,111 110 103 111 105 110 103,118 105 107 105 105 105 44 32 106 111 104 110 32 100 111 101,50 48 50 53 45 49 49 45 50 53 32 49 56 58 53 55,49 48 48 48 46 48,114 101 115 116 97 117 114 97 110 116,98 105 114 116 104 100 97 121 112 97 114 116 121,123 34 118 105 107 105 105 105 34 58 32 53 48 48 46 48 44 32 34 106 111 104 110 32 100 111 101 34 58 32 53 48 48 46 48 125,123 34 118 105 107 105 105 105 34 58 32 34 112 101 110 100 105 110 103 34 44 32 34 106 111 104 110 32 100 111 101 34 58 32 34 112 101 110 100 105 110 103 34 125
109 97 114 105 97,82 101 110 116,111 110 103 111 105 110 103,118 105 107 105 105 105 44 32 109 97 114 105 97,50 48 50 53 45 49 49 45 50 56 32 49 53 58 50 53,51 48 48 48 46 48,82 101 110 116,74 97 110 117 97 114 121 32 116 111 32 77 97 114 99 104,123 34 118 105 107 105 105 105 34 58 32 49 53 48 48 46 48 44 32 34 109 97 114 105 97 34 58 32 49 53 48 48 46 48 125,123 34 118 105 107 105 105 105 34 58 32 34 112 101 110 100 105 110 103 34 44 32 34 109 97 114 105 97 34 58 32 34 112 101 110 100 105 110 103 34 125
118 105 107 105 105 105,114 101 115 116 97 117 114 97 110 116,111 110 103 111 105 110 103,118 105 99 116 111 114 105 97 44 32 104 101 108 101 110 44 32 115 111 102 105 97,50 48 50 53 45 49 49 45 49 55 32 49 48 58 52 53,49 48 48 48 46 48,114 101 115 116 97 117 114 97 110 116,114 101 115 116 97 117 114 97 110 116 32 105 110 32 99 104 97 114 109 97 114 116 105 110,123 34 118 105 99 116 111 114 105 97 34 58 32 49 52 48 46 48 44 32 34 104 101 108 101 110 34 58 32 54 54 48 46 48 44 32 34 115 111 102 105 97 34 58 32 50 48 48 46 48 125,123 34 118 105 99 116 111 114 105 97 34 58 32 34 112 101 110 100 105 110 103 34 44 32 34 104 101 108 101 110 34 58 32 34 112 101 110 100 105 110 103 34 44 32 34 115 111 102 105 97 34 58 32 34 112 101 110 100 105 110 103 34 125
118 105 107 105 105 105,114 101 115 116 97 117 114 97 110 116,111 110 103 111 105 110 103,104 101 108 101 110 110 110 44 32 118 105 107 105 105 105,50 48 50 53 45 49 49 45 49 55 32 49 49 58 53 54,49 48 48 48 46 48,114 101 115 116 97 117 114 97 110 116,114 114 114 114,123 34 104 101 108 101 110 110 110 34 58 32 53 48 48 46 48 44 32 34 118 105 107 105 105 105 34 58 32 53 48 48 46 48 125,123 34 104 101 108 101 110 110 110 34 58 32 34 112 101 110 100 105 110 103 34 44 32 34 118 105 107 105 105 105 34 58 32 34 112 101 110 100 105 110 103 34 125
118 105 107 105 105 105,119,111 110 103 111 105 110 103,104 101 108 101 110 110 110 44 32 118 105 107 105 105 105,50 48 50 53 45 49 49 45 49 55 32 49 49 58 53 57,51 48 48 46 48,114 101 115 116 97 117 114 97 110 116,,123 34 104 101 108 101 110 110 110 34 58 32 49 53 48 46 48 44 32 34 118 105 107 105 105 105 34 58 32 49 53 48 46 48 125,123 34 104 101 108 101 110 110 110 34 58 32 34 112 101 110 100 105 110 103 34 44 32 34 118 105 107 105 105 105 34 58 32 34 112 101 110 100 105 110 103 34 125
118 105 107 105 105 105,115 99 104 111 111 108,111 110 103 111 105 110 103,104 101 108 101 110 110 110 44 32 118 105 107 105 105 105,50 48 50 53 45 49 49 45 50 53 32 49 51 58 51 56,49 48 48 46 48,115 104 111 112 112 105 110 103,,123 34 104 101 108 101 110 110 110 34 58 32 53 48 46 48 44 32 34 118 105 107 105 105 105 34 58 32 53 48 46 48 125,123 34 104 101 108 101 110 110 110 34 58 32 34 112 101 110 100 105 110 103 34 44 32 34 118 105 107 105 105 105 34 58 32 34 112 101 110 100 105 110 103 34 125
118 105 107 105 105 105,102,111 110 103 111 105 110 103,104 101 108 101 110 110 110 44 32 118 105 107 105 105 105,50 48 50 53 45 49 49 45 50 53 32 49 52 58 50 56,53 48 48 46 48,114 101 116,,123 34 104 101 108 101 110 110 110 34 58 32 50 53 48 46 48 44 32 34 118 105 107 105 105 105 34 58 32 50 53 48 46 48 125,123 34 104 101 108 101 110 110 110 34 58 32 34 112 101 110 100 105 110 103 34 44 32 34 118 105 107 105 105 105 34 58 32 34 112 101 110 100 105 110 103 34 125
121 116 97 112 105 97,80 111 112 99 111 114 110 32 77 111 110 101 121,111 110 103 111 105 110 103,121 116 97 112 105 97 44 32 118 105 107 105 105 105,50 48 50 53 45 49 49 45 50 56 32 49 53 58 51 53,53 53 46 48,112 111 112 99 111 114 110,,123 34 121 116 97 112 105 97 34 58 32 49 54 46 53 44 32 34 118 105 107 105 105 105 34 58 32 51 56 46 53 125,123 34 121 116 97 112 105 97 34 58 32 34 112 101 110 100 105 110 103 34 44 32 34 118 105 107 105 105 105 34 58 32 34 112 101 110 100 105 110 103 34 125
